tag,count
bjj,585
mma,356
grappling,336
martial arts,310
jiu jitsu,296
motivational speech,196
brazilian jiu jitsu,186
motivation,183
brazilian jiujitsu,169
jiujitsu,149
brazilian jiu-jitsu,136
eric thomas,131
judo,130
motivational video,129
jiu-jitsu,129
jujitsu,124
eric thomas motivation,118
self defense,118
inspiration,114
eric thomas motivational speech,108
motivational,104
wrestling,102
best of eric thomas,99
mixed martial arts,97
success,97
eric thomas you owe you,95
bjj techniques,93
gary vee,91
eric thomas success,85
motivational speech eric thomas,82
best success advice,80
discipline motivation eric thomas,80
belt,80
entrepreneur,78
motivational speech workout,78
grapplearts,78
motivation for success in school,77
et,77
submission,77
ufc,77
eric thomas motivation how bad do you want it,76
motivational speech eric thomas how bad do you want it,74
psychology,74
armbar,69
rear naked choke,67
brazilian,67
motivation for success 2019,65
white belt,65
bjj training,64
jordan peterson,64
